cluster_id,n_docs,top_keybert_15,top_ctfidf_15,top_author_kw_10,exemplar_title_1,exemplar_title_2,exemplar_title_3
11,730,anticancer | chemotherapy | cancer | cisplatin | doxorubicin | antitumor | cancer cell | cancer cells | gefitinib | dox | apoptosis | multidrug resistance | multidrug | drug resistance | nsclc,cancer | cancer cells | resistance | apoptosis | tumor | chemotherapy | mdr | cisplatin | mcf | breast | breast cancer | anticancer | lung cancer | cancer cell | gefitinib,apoptosis | multidrug resistance | cancer | p-glycoprotein | chemotherapy | traditional chinese medicine | breast cancer | drug resistance | colorectal cancer | chinese medicine,The Effect of Compound Sophora on Fluorouracil and Oxaliplatin Resistance in Colorectal Cancer Cells,In Vitro and In Vivo Effects of Xanthorrhizol on Human Breast Cancer MCF-7 Cells Treated With Tamoxifen,Treating colorectal cancer with Western and Chinese medicine
30,512,cyp inhibition | cyp enzymes | cyp isoforms | cyp activity | inhibition cyp | herb-drug interactions | inhibited cyp | herb-drug | cyp activities | cytochrome cyp | activity cyp | activities cyp | liver microsomes | cyp cyp | probe drugs,cyp cyp | cytochrome | microsomes | human liver | rats | probe | liver microsomes | cocktail | probe drugs | enzyme | inhibition cyp | cyp activity | tolbutamide | isoforms | cytochrome cyp,cytochrome p450 | herb-drug interaction | herb-drug interactions | inhibition | cyp3a4 | human liver microsomes | interaction | cocktail | cyp450 | cyp,Bioactivity guided fractionation of methanolic extract of Terminalia arjuna for its CYP3A and CYP2D inhibition,In vitro Inhibitory Effects of Cynaroside on Human Liver Cytochrome P450 Enzymes,"In vivo effects of scutellarin on the activities of CYP1A2, CYP2C11, CYP2D1, and CYP3A1/2 by cocktail probe dr"
17,331,hepatoprotective | hepatotoxicity | liver injury | drug-induced liver | liver failure | induced liver | acute liver | alcoholic liver | alcohol | bile acid | cholestatic | oxidative | alcoholic | cholestasis | aminotransferase,liver injury | injury | hepatotoxicity | cholestasis | ald | dili | apap | mice | bile | induced | rats | ccl | alt | bile acid | acute liver,hepatotoxicity | traditional chinese medicine | oxidative stress | liver injury | drug-induced liver injury | cholestasis | acetaminophen | cytochrome p450 | pharmacokinetics | cyp2e1,Drug-Drug Combinations Can Enhance Toxicity as Shown by Monocyte-Derived Hepatocyte-like Cells From Patients W,Review article: Herbal hepatotoxicity - An update on traditional Chinese medicine preparations,An Overview of the Mechanism of Penthorum chinense Pursh on Alcoholic Fatty Liver
34,260,metabolites | oral administration | pharmacokinetic | pharmacokinetic study | metabolites rat | pharmacokinetics | analytes | bioactive | liquid chromatography | rat urine | feces | simultaneous determination | urine | samples | decoction,metabolites | plasma | rat | rats | rat plasma | oral administration | pharmacokinetic | spectrometry | mass spectrometry | urine | rat urine | chromatography | liquid chromatography | decoction | analytes,pharmacokinetics | metabolites | traditional chinese medicine | metabolism | rat plasma | uplc-ms/ms | pharmacokinetic | metabolite | lc-ms/ms | paeoniflorin,"Metabolic profiling of Gegenqinlian decoction in rat plasma, urine, bile and feces after oral administration b",Metabolite profiling of Zi-Shen pill in rat biological specimens by UPLC-Q-TOF/MS,Identification and comparison of metabolites after oral administration of essential oil of Ligusticum chuanxio
14,255,cardiovascular diseases | treatment cardiovascular | herb-drug | cardiovascular disease | cardiovascular | heart disease | hypertension | cvd | heart | salvia | cvds | salvia miltiorrhiza | cardiac | myocardial | tanshinone,cardiovascular | tanshinone | iia | myocardial | cardiovascular diseases | cvd | rats | cvds | tanshinone iia | heart | danshen | cardiac | treatment cardiovascular | miltiorrhiza | endothelial,cardiovascular disease | cardiovascular diseases | pharmacokinetics | traditional chinese medicine | hypertension | tanshinone iia | atherosclerosis | garlic | herb-drug interaction | danshen,Isorhynchophylline: A plant alkaloid with therapeutic potential for cardiovascular and central nervous system ,Aqueous extract from leaf of Artocarpus altilis provides cardio-protection from isoproterenol induced myocardi,Traditional herbs: a remedy for cardiovascular disorders
38,236,pharmacies | use herbal | medications | pharmacy | pharmacists | herbal products | prescription | supplements | knowledge herbal | community pharmacists | dietary supplements | product use | physicians | dietary | care,pharmacists | knowledge | older | community pharmacists | participants | supplements | respondents | students | medications | survey | physicians | questionnaire | cross-sectional | attitudes | care,herbal medicine | herb-drug interactions | polypharmacy | drug interactions | dietary supplements | elderly | herbal medicines | interactions | knowledge | complementary and alternative medicine,Factors associated with dietary supplement use among prescription medication users,Outpatient antibiotic prescribing patterns and appropriateness for children in primary healthcare settings in ,Disclosure of natural product use to primary care physicians: A cross-sectional survey of naturopathic clinic 
2,227,antidiabetic | herb-drug | hypoglycemic | metformin | diabetes | treatment diabetes | mellitus | diabetes mellitus | pioglitazone | gliclazide | diabetic | saxagliptin | pharmacokinetic | berberine | glyburide,diabetes | diabetic | diabetic rats | metformin | rats | antidiabetic | insulin | glucose | gliclazide | pioglitazone | blood glucose | hypoglycemic | diabetes mellitus | mellitus | berberine,diabetes | pharmacokinetics | herb-drug interaction | metformin | berberine | diabetes mellitus | herb-drug interactions | pharmacodynamics | pharmacokinetic | gliclazide,Pharmacologically relevant drug interactions of sulfonylurea antidiabetics with common herbs,Effect of Cinnamomum cassia on the pharmacokinetics and pharmacodynamics of pioglitazone,Effect of aqueous extract of azadirachta indica leaves on pharmacokineics and pharmacodynamics of glipizide
6,220,warfarin | patients warfarin | anticoagulants | interactions warfarin | s-warfarin | anticoagulant | aspirin | oral anticoagulants | anticoagulation | clopidogrel | antiplatelet | warfarin rats | pharmacokinetic | pharmacokinetics | prothrombin time,warfarin | clopidogrel | inr | anticoagulant | aspirin | anticoagulation | platelet | bleeding | antiplatelet | international normalized | prothrombin | ratio inr | interactions warfarin | rats | prothrombin time,warfarin | pharmacokinetics | clopidogrel | herb-drug interactions | herb-drug interaction | aspirin | anticoagulants | pharmacodynamics | bleeding | drug interactions,Medication with caution: Analysis of adverse reactions caused by a combination of Chinese medicine and warfari,Warfarin and royal jelly interaction,"Warfarin-chlorophyll products, herb-drug interactions"
26,204,herb-drug interactions | drug interactions | anticancer drugs | herb-drug | interactions anticancer | alternative medicine | cancer treatment | cam use | anticancer | cancer patients | chemotherapy | patients cancer | used cancer | supplements | cancer,cancer | cancer patients | cam | oncology | chemotherapy | cam use | patients cancer | complementary | breast | herb-drug | anticancer drugs | breast cancer | anticancer | supplements | complementary alternative,cancer | herb-drug interactions | chemotherapy | interactions | complementary and alternative medicine | herb-drug interaction | herbal medicine | drug interactions | complementary medicine | breast cancer,Use of complementary and alternative medicine by patients attending a head and neck oncology clinic,An integrative approach to addressing clinical issues in complementary and alternative medicine in an outpatie,The use of dietary supplements in a community hospital comprehensive cancer center: implications for conventio
27,192,metabolites | pharmacokinetic | pharmacokinetics | prototypes metabolites | oral administration | analytes | bioactive | tcm | liquid chromatography | spectrometry | glucuronidation | urine | mass spectrometry | intestinal | plasma,rats | metabolites | plasma | pharmacokinetic | rat | rat plasma | absorption | spectrometry | mass spectrometry | pharmacokinetics | prototypes | prototypes metabolites | oral administration | chromatography | liquid chromatography,pharmacokinetics | traditional chinese medicine | pharmacokinetic | uplc-ms/ms | metabolites | metabolism | chemical constituents | metabolic profiles | microdialysis | lc–ms/ms,Quantification of nine bufadienolides of Shexiang Tongxin Dropping Pills in rat plasma and tissues using UPLC-,Influence of traditional Chinese medicines on the in vivo metabolism of lopinavir/ritonavir based on UHPLC-MS/,Simultaneous determination of multiple components in rat plasma by UPLC-MS/MS for pharmacokinetic studies afte
4,172,neuroprotective | pharmacology | neuroprotective effects | neurodegenerative | antidepressant-like | antidepressant | donepezil | huperzine | alzheimer disease | bdnf | alzheimer | neuroinflammation | pathways | depression | network pharmacology,alzheimer disease | alzheimer | depression | targets | donepezil | network | neuroprotective | parkinson | cognitive | parkinson disease | neurodegenerative | memory | network pharmacology | antidepressant | molecular,alzheimer's disease | network pharmacology | depression | neuroprotection | parkinson's disease | molecular docking | alzheimer’s disease | pharmacokinetics | traditional chinese medicine | natural products,Pharmacological mechanisms of puerarin in the treatment of Parkinson's disease: An overview,"Tianma Gouteng Yin, a Traditional Chinese Medicine decoction, exerts neuroprotective effects in animal and cel","Neuroprotective Herbal Remedies: Efficacy, Safety and Clinical Perspectives"
25,156,phytochemistry pharmacology | pharmacological activities | phytochemical | phytochemistry | alkaloids | pharmacology | uses phytochemistry | pharmacological effects | toxicology | comprehensive | pharmacokinetics | crp | traditional uses | science | aconitum,phytochemistry | phytochemistry pharmacology | aconitum | traditional uses | terrestris | pharmacokinetics | uses phytochemistry | genus | pharmacology | toxicology | cassia | pharmacological activities | tribulus terrestris | uses | alkaloids,pharmacology | phytochemistry | pharmacokinetics | toxicity | toxicology | anti-inflammatory | ethnopharmacology | pharmacological activities | traditional chinese medicine | detoxification,Comparative analysis of six aconitine-type alkaloids in decocting extracts between the different processed Fuz,"Exploration of Osmanthus fragrans Lour.'s composition, nutraceutical functions and applications","Pinellia genus: A systematic review of active ingredients, pharmacological effects and action mechanism, toxic"
24,151,inhibition ugt | inhibited ugt | ugt isoforms | ugt activity | udp-glucuronosyltransferases ugts | ugt enzymes | glucuronidation | udp-glucuronosyltransferase ugt | herb-drug | ginsenosides | recombinant ugt | udp-glucuronosyltransferases | liver microsomes | udp-glucuronosyltransferase | activity ugt,ugt | ugt ugt | ugts | glucuronidation | ugt isoforms | udp-glucuronosyltransferases | inhibition ugt | isoforms | udp-glucuronosyltransferase | microsomes | udp-glucuronosyltransferases ugts | inhibition kinetic | inhibited ugt | liver microsomes | catalyzed,herb-drug interaction | udp-glucuronosyltransferases (ugts) | cytochrome p450 | pharmacokinetics | udp-glucuronosyltransferases | inhibition | udp-glucuronosyltransferase | glucuronidation | licorice | interaction,Machine learning and structure-based modeling for the prediction of UDP-glucuronosyltransferase inhibition,Inhibitory Effect of Hesperetin and Naringenin on Human UDP-Glucuronosyltransferase Enzymes: Implications for ,In Vitro Comparative Study of the Inhibitory Effects of Mangiferin and Its Aglycone Norathyriol towards UDP-Gl
37,147,herbal supplements | herbal products | herbal drugs | medicinal products | herbal remedies | traditional drugs | supplements | dietary supplements | remedies | dietary | supplement | alternative | physicians | care | cam,supplements | eating | dietary | eating disorders | dietary supplements | essiac | herbal products | cam | supplement | remedies | athletes | complementary | herbal remedies | massage | anxiety,herbal medicine | toxicity | dietary supplements | phytotherapy | complementary medicine | medicinal plants | drug interactions | safety | medicine | herbal,Cogent note on raised safety concern on concurrent uses of herbal formulations,Clinical approach to clinical herbal toxicity.,Herbal supplements. Risks to your health.
28,139,medicinal plants | anxiolytic | antiepileptic drugs | antiepileptic | aeds | antinociception | anticonvulsant | sleep | gabaergic | pain | antinociceptive | anticonvulsant activity | flumazenil | depression | epilepsy,morphine | anticonvulsant | epilepsy | mice | sleep | seizures | anxiety | aeds | yokukansan | seizure | pain | depression | anxiolytic | antinociceptive | antinociception,depression | anxiety | epilepsy | herbal medicine | medicinal plants | antinociception | synergism | herb-drug interactions | anti-inflammatory | diazepam,Silexan in anxiety disorders: Clinical data and pharmacological background,Clinical applications of herbal medicines for anxiety and insomnia; targeting patients with bipolar disorder,An orally administered lavandula oil preparation (Silexan) for anxiety disorder and related conditions: An evi
0,131,biosynthesis | biosynthetic pathway | biosynthetic | involved biosynthesis | genes | transcriptome analysis | gene | triterpenoid | genes involved | transcriptome | sequencing | differentially expressed | synthase | candidate genes | accumulation,genes | biosynthesis | transcriptome | gene | biosynthetic | genome | biosynthetic pathway | genes involved | candidate genes | assembly | assembled | tanshinones | differentially | triterpenoid | roots,transcriptome | biosynthesis | gene expression | metabolomics | salvia miltiorrhiza | traditional chinese medicine | transcriptomics | biosynthetic pathway | flavonoid | rna-seq,Full-length sequencing of ginkgo transcriptomes for an in-depth understanding of flavonoid and terpenoid trila,The chromosome‐scale high‐quality genome assembly of <i>Panax notoginseng</i> provides insight into dencichine,An efficient approach to finding Siraitia grosvenorii triterpene biosynthetic genes by RNA-seq and digital gen
35,127,pharmacokinetic parameters | pharmacokinetic | oral administration | pharmacokinetics | alkaloids | tcm | berberine | intestinal absorption | absorption paeoniflorin | intestinal | glycyrrhizic acid | glycyrrhizic | zzhpd | paeoniflorin | rat,pharmacokinetic | absorption | pharmacokinetics | plasma | rats | alkaloids | paeoniflorin | coptidis | rhizoma coptidis | rhizoma | compatibility | rat | berberine | intestinal | sinomenine,pharmacokinetics | berberine | intestinal absorption | paeoniflorin | lc-ms/ms | traditional chinese medicine | absorption | corynoline | alkaloids | coptidis rhizoma,A study of pharmacokinetic interactions among co-existing ingredients in Viscum coloratum after intravenous ad,Determination and pharmacokinetic comparisons of atractylodin after oral administration of crude and processed,Research progress on current pharmacokinetic evaluation of Chinese herbal medicines
20,126,cancer | network pharmacology | pathways | pharmacology | crc | molecular | genes | docking | molecular docking | hcc | cki | peptic | ppi | signaling | signaling pathway,targets | network | cancer | genes | network pharmacology | molecular | gastric | pylori | pharmacology | hcc | signaling | pathways | docking | kegg | crc,network pharmacology | molecular docking | traditional chinese medicine | colorectal cancer | pharmacology | lung cancer | network | gastric cancer | hepatocellular carcinoma | molecular dynamics simulation,Prunella vulgaris: A potential molecule for the treatment of hepatocellular carcinoma,Interpreting the Molecular Mechanisms of Yinchenhao Decoction on Hepatocellular Carcinoma through Absorbed Com,Network pharmacology- and molecular docking-based approaches to unveil the pharmacological mechanisms of dihyd
22,124,network pharmacology | pharmacology molecular | pharmacology | pathways | potential targets | chd | key targets | molecular | atherosclerosis | ich | tnf | stroke | docking | molecular docking | signaling pathway,targets | network | network pharmacology | molecular | pharmacology | genes | docking | molecular docking | signaling | pathways | enrichment | kegg | target | database | core,network pharmacology | molecular docking | atherosclerosis | traditional chinese medicine | mechanism | molecular mechanism | bioinformatics | psoriasis | metabolomics | coronary heart disease,Protection against peripheral artery disease injury by Ruan Jian Qing Mai formula via metabolic programming,"Multi-omics analyses, cell experiments, and network pharmacology tools identified key proteins and candidate d",Improvement effects of a novel Chinese herbal formula in imiquimod and IL-23-stimulated mouse models of psoria
31,111,drug interactions | herb-drug interactions | drug interaction | herb-drug | adverse drug | conventional drugs | medications | herbal products | use herbal | prescription | mdma | cannabis | thc | phenytoin | venlafaxine,cannabis | herb-drug | herb-drug interactions | drug interactions | dis | marijuana | case | venlafaxine | procainamide | reports | inhaled | khat | phenytoin | wort | case report,pharmacokinetics | herb-drug interaction | herb-drug interactions | interactions | interaction | cannabis | drug interactions | p-glycoprotein | cytochrome p450 | herb-drug,Herb-drug interactions: A short review on central and peripheral nervous system drugs,An example of herbal drug interactions in the community.,An introduction to cannabis and the endocannabinoid system
3,108,drug interactions | antiretroviral drugs | antiretroviral | antiretrovirals | antiretroviral therapy | hiv | hiv-infected | anti-hiv | aids | pharmacokinetic | treatment hiv | nevirapine | nhps | hiv aids | azt,hiv | antiretroviral | antiretroviral therapy | aids | hiv aids | antiretroviral drugs | frutescens | antiretrovirals | nevirapine | art | highly active | protease | african | sutherlandia | hiv-infected,hiv | pharmacokinetics | drug interactions | herb-drug interactions | hiv/aids | antiretroviral | herb-drug interaction | antiretroviral therapy | aids | human immunodeficiency virus,Advances of research on anti-HIV agents from traditional Chinese herbs.,Pharmacokinetic interactions between antiretroviral drugs and herbal medicines,Drug interactions and anti-HIV therapy.
33,103,herb-drug interactions | herb-drug | pharmacokinetic interactions | pharmacokinetic | pharmacokinetics | ibuprofen | celecoxib | curcumin | indinavir | imipenem | tramadol | fexofenadine | repaglinide | transporters | ciprofloxacin,pharmacokinetic | herb-drug | rats | pharmacokinetics | herb-drug interactions | ibuprofen | auc | plasma | daclatasvir | sildenafil | curcumin | pip | absorption | indinavir | cip,pharmacokinetics | herb-drug interaction | p-glycoprotein | interaction | metabolism | herb-drug interactions | cytochrome p450 | curcumin | herbal medicines | uplc-ms/ms,Effect of rutin on pharmacokinetic modulation of diclofenac in rats,The pharmacokinetic study on the interaction between nobiletin and anemarsaponin BII in vivo and in vitro,Effect of quercetin on the pharmacokinetics of selexipag and its active metabolite in beagles
23,100,antimicrobial | antibiotics | antibacterial | antibiotic | antibacterial activity | antifungal | aureus | mrsa | isolates | methicillin-resistant | bacteria | staphylococcus | staphylococcus aureus | resistant strains | methicillin-resistant staphylococcus,aureus | antibiotics | mrsa | mic | staphylococcus | staphylococcus aureus | antibacterial | strains | bacteria | synergistic | mics | isolates | resistant | antibacterial activity | coli,synergism | plant extracts | antibacterial activity | antibiotic resistance | interaction | synergy | antimicrobial activity | herb-drug interaction | essential oil | biofilm,Synergistic antibacterial activity of baicalin in combination with oxacillin sodium against methicillin-resist,New approach to overcoming antimicrobial resistance of Staphylococcus aureus by combining Guanghuoxiang (Herba,Isojacareubin from the Chinese herb Hypericum japonicum: potent antibacterial and synergistic effects on clini
12,99,ckd | chronic kidney | kidney injury | kidney | kidney disease | nephropathy | renal fibrosis | renal | nephrotoxicity | aki | renal function | dialysis | diabetic nephropathy | fibrosis | podocyte,renal | kidney | bladder | kidney disease | renal fibrosis | nephropathy | rats | chronic kidney | fibrosis | renal function | smad | podocyte | nephrotoxicity | ckd | kidney injury,metabolomics | network pharmacology | chronic kidney disease | traditional chinese medicine | renal fibrosis | diabetic nephropathy | nephrotic syndrome | mechanism | cyclophosphamide | bladder,Spatially resolved multi-omics reveals the renal cortex-metabolic reprogramming of Shenhua Tablet for interven,Managing circadian rhythm involved in alleviating membranous nephropathy by alkaloids of Alstonia scholaris,Use of alternative medicine by patients with stage 5 chronic kidney disease.
13,97,drug delivery | bioavailability | nanocarriers | nanoparticles | transdermal | delivery carriers | solubility | vesicles | tcm | delivery | hydrogel | liposomes | nanocrystals | release | biomaterials,delivery | drug delivery | delivery systems | carriers | nanocrystals | nanoparticles | hydrogel | bioavailability | solubility | liposomes | absorption | smedds | transdermal | permeation | skin,bioavailability | drug delivery | nanoparticles | chinese medicine | drug delivery systems | solubility | traditional chinese medicine | evodiamine | nanotechnology | liposomes,Berberine-Based Heterogeneous Linear Supramolecules Neutralized the Acute Nephrotoxicity of Aristolochic Acid ,Self-emulsifying drug delivery systems for improving oral absorption of Ginkgo biloba extracts,A review on the applications of Traditional Chinese medicine polysaccharides in drug delivery systems
5,90,antidepressants | antidepressant | wort sjw | hypericin hyperforin | hypericin | wort hypericum | sjw extracts | depression | prednisolone | prednisone | wort | sjw | hypericum perforatum | digoxin | supplemented,sjw | hyperforin | wort | john wort | digoxin | perforatum | hypericin | hypericum | hypericum perforatum | depression | induction | hyperforin content | wort sjw | wort hypericum | hypericin hyperforin,st. john's wort | hypericum perforatum | hyperforin | depression | st john's wort | herb-drug interactions | interaction | p-glycoprotein | hypericum | hypericin,Effects of treatment with a commercially available St John's Wort product (Movina®) on cholesterol levels in p,The effect of St John's wort extracts on CYP3A: a systematic review of prospective clinical trials,"Effects of Hypericum perforatum on ivabradine pharmacokinetics in healthy volunteers: an open-label, pharmacok"
10,82,hormone | testosterone | estrogenic | estrogen | progesterone | aromatase | ovary | estrogenic activity | estradiol | reproductive | bph | serum | pcos | serum estradiol | polycystic ovary,pcos | ovarian | sperm | aromatase | star | testosterone | estradiol | estrogenic | exd | progesterone | bph | hormone | reproductive | ovary | testicular,polycystic ovary syndrome | network pharmacology | star | spermatogenesis | testosterone | p450scc | benign prostatic hyperplasia | oligoasthenozoospermia | metabolomics | traditional chinese medicine,Effects of evodiamine and rutaecarpine on the secretion of corticosterone by zona fasciculata-reticularis cell,Effect of the Interaction of Veratrum Nigrum with Panax Ginseng on Estrogenic Activity In Vivo and In Vitro.,Zichong granules (资冲颗粒) promote differentiation of ovarian granulosa-like cells from human embryonic stem cell
19,77,pharmacology | network pharmacology | docking | molecular docking | molecular | copd | pathways | influenza | covid | respiratory | viral | sars-cov | genes | virus | protein,molecular | sars-cov | covid | targets | docking | network | molecular docking | network pharmacology | copd | pharmacology | virus | genes | viral | binding | coronavirus,molecular docking | network pharmacology | covid-19 | molecular dynamics simulation | traditional chinese medicine | molecular dynamics | virtual screening | natural products | sars-cov-2 | asthma,Comparison and Analysis on the Existing Single-Herbal Strategies against Viral Myocarditis,"Supercomputing Multi-Ligand Modeling, Simulation, Wavelet Analysis and Surface Plasmon Resonance to Develop No","Withasomniferol C, a new potential SARS-CoV-2 main protease inhibitor from the Withania somnifera plant propos"
15,75,gut microbiome | gut microbiota | microbiome | metabolites | microbiota | gut | metabolomics | colitis | intestinal | intestinal flora | ibd | ckd | ulcerative colitis | microbial | dysbiosis,gut | microbiota | gut microbiota | ckd | intestinal | mice | colitis | dysbiosis | metabolites | dkd | gqd | microbiome | dbt | ahr | tryptophan,gut microbiota | ulcerative colitis | traditional chinese medicine | metabolomics | metabolism | network pharmacology | gut microbiome | microbiota | tryptophan metabolism | chronic atrophic gastritis,Lycium barbarum Glycopeptide Alleviates Neomycin-Induced Ototoxicity by Inhibiting Tryptophan Hydroxylase-Medi,Novel applications of Yinhua Miyanling tablets in ulcerative colitis treatment based on metabolomics and netwo,Influence of Dietary Components and Traditional Chinese Medicine on Hypertension: A Potential Role for Gut Mic
32,74,drug transporters | transporter-mediated | anion transporters | anion transporter | transporters | transporter | metformin | kidney | uptake | renal | organic anion | organic | tanshinol | anion | oat oat,oat | transporters | anion | organic anion | oat oat | organic | oatp | uptake | oct | transporter | periplocin | anion transporters | slc | anion transporter | human organic,organic anion transporter | herb-drug interaction | transporter | pharmacokinetics | drug-drug interaction | flavonoids | inhibition | drug-drug interactions | solute carrier | nephrotoxicity,Inhibitory interaction of flavonoids with organic cation transporter 2 and their structure-activity relationsh,Inhibitory interaction of flavonoids with organic anion transporter 3 and their structure-activity relationshi,INHIBITORY EFFECT OF AQUEOUS ROOT EXTRACT OF DECALEPIS HAMILTONII ON rOAT1
9,63,pxr cyp | pxr-mediated | receptor pxr | pxr activation | activation pxr | pregnane receptor | induce cyp | human pxr | cyp expression | cyp gene | cyp mrna | androstane | pxr | pregnane | receptor,pxr | pregnane | pregnane receptor | receptor | receptor pxr | reporter | pxr-mediated | pxr activation | reporter gene | gene | activation | praeruptorin | car | cyp gene | hepg,pregnane x receptor | herb-drug interaction | induction | pxr | cyp3a4 | constitutive androstane receptor | nuclear receptor | drug metabolism | herbal medicine | cytochrome p450 3a4,Mulberroside A suppresses PXR-mediated transactivation and gene expression of P-gp in LS174T cells,Traditional Chinese medicines Wu Wei Zi (Schisandra chinensis Baill) and Gan Cao (Glycyrrhiza uralensis Fisch),The Influence of Standardized Valeriana officinalis Extract on the CYP3A1 Gene Expression by Nuclear Receptors
29,61,adverse drug | pharmacovigilance | drug interactions | drug safety | drug reactions | nhp-drug interactions | adverse event | medications | nhp-drug | nhps prescription | clinical risk | adrs | nhps | naproxen | nhp,pharmacovigilance | nhps | adrs | adr | risk management | nhp-drug | active surveillance | reporting | signals | clinical risk | surveillance | nhp-drug interactions | medications | adverse drug | adverse event,pharmacovigilance | herbal medicine | drug interactions | adverse drug reactions | adverse drug reaction | patient safety | interactions | drug safety | complementary/alternative medicine (cam) | xenobiotics,A descriptive study evaluating Health Canada's risk communications,Safety Monitoring of Herb-Drug Interactions A Component of Pharmacovigilance,Withering's 1785 appeal for caution when reporting on a new medicine.
36,60,phytopharmaceutical | herb-drug | ayurveda | ayurvedic | quinolinone | history pharmacology | toxicology | drug discovery | evidence-based systematic | evidence-based | systematic review | allopathic | healthcare | standard research | salvia hispanica,rasayana | evidence-based systematic | ayurveda | standard research | natural standard | precedent | folkloric | research collaboration | history pharmacology | dynamics interactions | ayurvedic | evidence-based | hispanica | salvia hispanica | modern,interactions | pharmacology | pharmacokinetics | systematic review | pharmacodynamics | adverse effects | dosing | medicinal plants | evidence-based | drug discovery,Bridging the Gap Between Herbs and Pharmaceutics: The Science Behind Herbs' Medicinal Properties and Potential,Herbal drug discovery: Challenges and perspectives,Maitake mushroom (Grifola frondosa): Systematic review by the natural standard research collaboration
21,59,arthritis | pharmacology | network pharmacology | pathways | osteoarthritis | rheumatoid arthritis | molecular | mmp | docking | genes | metabolomics | molecular docking | signaling | signaling pathway | cartilage,targets | network | network pharmacology | pharmacology | molecular | arthritis | osteoarthritis | rheumatoid | cartilage | rheumatoid arthritis | docking | molecular docking | signaling | genes | ems,network pharmacology | rheumatoid arthritis | molecular docking | metabolomics | traditional chinese medicine | osteoarthritis | inflammation | tcm | virtual screening | gouty arthritis,Study on the Mechanism of Lonicerae japonicae Caulis in the Treatment of Rheumatoid Arthritis Based on Transcr,Analyzing how SiMiao Wan regulates ferroptosis to prevent RA-ILD using metabolomics and cyberpharmacology,Systems Pharmacology Dissection of Multiscale Mechanisms of Action for Herbal Medicines in Treating Rheumatoid
8,58,atorvastatin | simvastatin | losartan | rosuvastatin | lovastatin | amlodipine | pharmacokinetics | pharmacokinetic | pharmacokinetics losartan | losartan metabolite | tea extract | green tea | metabolite exp | rats | sildenafil,losartan | rosuvastatin | amlodipine | atorvastatin | simvastatin | rats | oatp | pharmacokinetics | exp | auc | sabdariffa | plasma | pharmacokinetic | losartan metabolite | sbp,pharmacokinetics | herb-drug interaction | rosuvastatin | atorvastatin | losartan | simvastatin | metabolism | drug-drug interaction | amlodipine | hibiscus sabdariffa,Black tea extract and theaflavin derivatives affect the pharmacokinetics of rosuvastatin by modulating organic,"Negligible Pharmacokinetic Interaction of Red Ginseng and Losartan, an Antihypertensive Agent, in Sprague-Dawl",Pharmacokinetics and Pharmacodynamic Herb-Drug Interaction of Piperine with Atorvastatin in Rats
16,58,disease nafld | treatment nafld | nafld | fatty liver | liver fibrosis | liver disease | liver injury | fibrosis | chronic liver | steatosis | fatty | pathways | network pharmacology | non-alcoholic fatty | pharmacology,nafld | liver disease | network | non-alcoholic | fatty liver | network pharmacology | targets | non-alcoholic fatty | fatty | liver fibrosis | fibrosis | nash | pharmacology | ppar | disease nafld,network pharmacology | non-alcoholic fatty liver disease | traditional chinese medicine | nafld | liver fibrosis | nonalcoholic fatty liver disease | pharmacokinetics | lipidomics | network | hepatic steatosis,Systematic investigation on the chemical basis of anti-NAFLD Qushi Huayu Fang. Part 1: A study of metabolic pr,Oxysophoridine inhibits oxidative stress and inflammation in hepatic fibrosis via regulating Nrf2 and NF-κB pa,Network Pharmacology Research and Preliminary Verification of Gegen Qinlian Decoction for the Treatment of Non
7,56,pregnant women | adverse events | premenstrual | literature evidence | women | care | indications use | used pregnancy | menstrual | cohosh | pregnancy | urinary tract | maternal | pregnant | utis,pregnancy | lactation | women | pregnancy lactation | cranberry | pregnant | used pregnancy | pregnant women | maternal | vac | perinatal | use pregnancy | use safety | premenstrual | lack basic,pregnancy | herbal medicine | safety | prevalence | herbal medicines | efficacy | dietary supplements | systematic review | herb-drug interaction | recurrent utis,"Pregnancy outcomes, embryonic and fetal development in maternal exposure to chinese medicines",Traditional Remedies in Modern Care: A National Survey of Complementary and Alternative Medicine Use Among Sau,Pharmacological and therapeutic effects of Vitex agnus-castus L.: A review
18,54,network pharmacology | inflammatory | pharmacology | pathways | tcm | copd | systems pharmacology | immune | herbal formulae | molecular | ali | genes | decoction | signaling | lung,network | targets | network pharmacology | pharmacology | pathways | target | copd | molecular | genes | allergic rhinitis | networks | semantic | rhinitis | lung injury | lung,network pharmacology | traditional chinese medicine | acute lung injury | lipopolysaccharide | bioinformatics | banxia xiexin decoction | systems pharmacology | therapeutic mechanism | molecular docking | allergic rhinitis,Modified Xiaoqinglong decoction alleviates lipopolysaccharide-induced acute lung injury in mice by regulating ,A Network-Based Systematic Study for the Mechanism of the Treatment of Zhengs Related to Cough Variant Asthma,Analysis of molecular mechanism of Chinese medicine Jinhong decoction (JHD) in synergistically treating sepsis
1,51,tacrolimus | cyclosporine | immunosuppressant | pharmacokinetic | pharmacokinetics | renal transplant | cyp allele | liver transplant | wuzhi capsules | transplant | transplant patients | transplantation | wuzhi | transplant recipients | wzc,tacrolimus | tac | wuzhi | csa | wzc | transplant | recipients | wuzhi capsule | transplant recipients | renal transplant | liver transplant | wuzhi tablet | transplantation | transplant patients | sjw,tacrolimus | pharmacokinetics | population pharmacokinetics | wuzhi capsule | herb-drug interaction | schisandra sphenanthera extract | cyclosporine | p-glycoprotein | wuzhi tablet | cyclosporine a,Effect of hepar-protecting Wuzhi capsule on pharmacokinetics and dose-effect character of tacrolimus in health,Initial dose optimization of tacrolimus for children with systemic lupus erythematosus based on the CYP3A5 pol,The Pharmacokinetic Prediction of Cyclosporin A after Coadministration with Wuzhi Capsule
